Name; x; y; orientation; info; TimeEntry; TimeExit
-2944;-2.06104;60.31578;75.69374;Obstacle;0;-1
-2958;10.75188;34.37309;126.45890;Obstacle;0;-1
-2972;12.28279;62.82991;203.50250;Obstacle;0;-1
-2986;14.43001;47.60875;349.40480;Obstacle;0;-1
-3000;-22.17398;61.50717;352.42170;Obstacle;0;-1
-3014;-21.55449;29.53533;142.64250;Obstacle;0;-1
-3028;18.01415;62.16710;95.53311;Obstacle;0;-1
-3042;-0.76472;35.75511;134.73560;Obstacle;0;-1
-3056;-15.88172;45.34045;309.60440;Obstacle;0;-1
-3070;-14.54267;46.18159;11.59760;Obstacle;0;-1
-3084;-20.69987;49.77967;280.33280;Obstacle;0;-1
-3098;-2.51652;49.44839;22.25154;Obstacle;0;-1
-3112;-2.29767;49.01801;81.79703;Obstacle;0;-1
-3126;5.44338;56.15065;301.04010;Obstacle;0;-1
-3140;-21.59171;68.94698;79.34828;Obstacle;0;-1
-3154;-3.71547;44.47593;194.06460;Obstacle;0;-1
-3168;9.36731;67.75691;255.17550;Obstacle;0;-1
-3182;18.42867;45.48729;256.00040;Obstacle;0;-1
-3196;-14.52065;30.33500;358.88120;Obstacle;0;-1
-3210;-20.55060;55.34374;114.03320;Obstacle;0;-1
-3224;18.42125;46.65129;321.82350;Obstacle;0;-1
-3238;23.88645;72.39803;193.98670;Obstacle;0;-1
-3252;18.53666;32.53514;92.65100;Obstacle;0;-1
-3266;11.15897;30.96968;184.21960;Obstacle;0;-1
-3280;-22.49337;42.58259;263.81150;Obstacle;0;-1
-3294;10.71962;36.59113;247.34790;Obstacle;0;-1
-3308;-10.76963;56.04932;300.34270;Obstacle;0;-1
-3322;7.82598;43.61618;36.91125;Obstacle;0;-1
-3336;6.42812;46.01934;84.08587;Obstacle;0;-1
-3350;-4.82595;29.05309;46.83433;Obstacle;0;-1
-3364;19.86838;33.39457;98.22254;Obstacle;0;-1
-3378;-2.72118;56.74387;229.09880;Obstacle;0;-1
-3392;18.33821;31.14575;95.39063;Obstacle;0;-1
-3406;2.15542;39.64848;178.89940;Obstacle;0;-1
-3420;-17.54394;32.97622;23.67041;Obstacle;0;-1
-3434;3.45934;70.75547;168.26580;Obstacle;0;-1
-3448;-0.60793;57.75953;346.99300;Obstacle;0;-1
-3462;15.48909;34.89228;171.48430;Obstacle;0;-1
-3476;6.70115;53.61321;347.28680;Obstacle;0;-1
-3490;-24.15643;33.08459;45.23333;Obstacle;0;-1
-3504;-6.83234;44.42802;275.81690;Obstacle;0;-1
-3518;-15.20032;25.37217;58.57695;Obstacle;0;-1
-3532;19.79452;54.72310;304.71500;Obstacle;0;-1
-3546;-0.32061;55.02929;358.62480;Obstacle;0;-1
-3560;8.56259;49.61730;35.39561;Obstacle;0;-1
-3574;-2.29154;53.05028;23.35645;Obstacle;0;-1
-3588;18.71423;67.13253;90.04617;Obstacle;0;-1
-3602;-16.06511;33.18950;202.12980;Obstacle;0;-1
-3616;29.50700;54.57700;151.63740;Obstacle;0;-1
-3630;42.28113;66.15550;332.25100;Obstacle;0;-1
-3644;59.97839;45.94413;190.48100;Obstacle;0;-1
-3658;71.08134;32.62401;112.11700;Obstacle;0;-1
-3672;41.11319;36.11432;194.24690;Obstacle;0;-1
-3686;43.26335;46.56795;313.07940;Obstacle;0;-1
-3700;58.21341;69.49888;143.33220;Obstacle;0;-1
-3714;30.61874;37.45800;126.37990;Obstacle;0;-1
-3728;63.87373;31.07774;356.00440;Obstacle;0;-1
-3742;66.06393;60.93851;42.24001;Obstacle;0;-1
-3756;44.70965;47.96731;279.46010;Obstacle;0;-1
-3770;71.14227;58.27444;85.41913;Obstacle;0;-1
-3784;71.23148;29.32457;139.09870;Obstacle;0;-1
-3798;47.37257;56.51820;247.69420;Obstacle;0;-1
-3812;35.42708;65.53003;358.52030;Obstacle;0;-1
-3826;54.49613;70.83981;304.88460;Obstacle;0;-1
-3840;60.53948;50.00937;106.41730;Obstacle;0;-1
-3854;33.80865;52.83674;153.47330;Obstacle;0;-1
-3868;57.49084;43.15632;272.16000;Obstacle;0;-1
-3882;51.15973;47.24852;108.33060;Obstacle;0;-1
-3896;63.10320;68.22230;128.08130;Obstacle;0;-1
-3910;63.15765;40.65303;138.35270;Obstacle;0;-1
-3924;56.24559;70.01894;81.47770;Obstacle;0;-1
-3938;74.39690;71.77779;255.09690;Obstacle;0;-1
-3952;30.43670;32.15397;10.40927;Obstacle;0;-1
-3966;68.52280;41.86410;264.47840;Obstacle;0;-1
-3980;53.78847;47.92363;205.77020;Obstacle;0;-1
-3994;41.09387;44.22331;115.43260;Obstacle;0;-1
-4008;57.11184;66.81003;108.93230;Obstacle;0;-1
-4022;31.20607;29.23223;246.12620;Obstacle;0;-1
-4036;72.27087;37.80843;225.58840;Obstacle;0;-1
-4050;62.36622;58.08046;36.82199;Obstacle;0;-1
-4064;28.69970;62.40878;216.77430;Obstacle;0;-1
-4078;38.89604;67.05638;132.76840;Obstacle;0;-1
-4092;68.01056;65.59519;282.34650;Obstacle;0;-1
-4106;54.11154;52.35220;206.10210;Obstacle;0;-1
-4120;36.32367;36.07745;61.84534;Obstacle;0;-1
-4134;69.10468;32.95623;355.62060;Obstacle;0;-1
-4148;26.86129;28.34486;111.67430;Obstacle;0;-1
-4162;63.43801;34.65479;306.68430;Obstacle;0;-1
-4176;38.41099;39.48707;93.90285;Obstacle;0;-1
-4190;63.56397;41.52251;242.27750;Obstacle;0;-1
-4204;26.28218;43.19313;104.39910;Obstacle;0;-1
-4218;36.36994;56.94738;183.05840;Obstacle;0;-1
-4232;41.81901;61.11274;268.56530;Obstacle;0;-1
-4246;34.28566;34.39904;204.15860;Obstacle;0;-1
-4260;64.37651;49.67897;225.89860;Obstacle;0;-1
-4274;46.96770;62.16716;70.84469;Obstacle;0;-1
-4288;-62.20870;5.38589;75.92102;Obstacle;0;-1
-4302;-73.79807;23.56819;215.22480;Obstacle;0;-1
-4316;-71.03709;21.76750;244.87070;Obstacle;0;-1
-4330;-32.29954;-17.26519;163.82570;Obstacle;0;-1
-4344;-69.40940;-18.09398;316.97690;Obstacle;0;-1
-4358;-29.98795;-24.50010;139.03380;Obstacle;0;-1
-4372;-73.86224;-6.77400;194.71720;Obstacle;0;-1
-4386;-67.17607;-24.13029;58.45387;Obstacle;0;-1
-4400;-26.73511;-5.16843;140.34730;Obstacle;0;-1
-4414;-35.55674;13.24004;46.95951;Obstacle;0;-1
-4428;-59.84759;-18.24993;116.92130;Obstacle;0;-1
-4442;-52.26637;12.04638;4.10161;Obstacle;0;-1
-4456;-31.09833;-15.52494;190.67310;Obstacle;0;-1
-4470;-41.22794;0.32059;313.66090;Obstacle;0;-1
-4484;-62.32388;-17.09620;25.02138;Obstacle;0;-1
-4498;-39.82970;1.77770;37.57988;Obstacle;0;-1
-4512;-74.67460;-12.15470;129.64410;Obstacle;0;-1
-4526;-59.11435;-9.24216;186.33830;Obstacle;0;-1
-4540;-61.52130;-20.40984;95.53989;Obstacle;0;-1
-4554;-41.08033;2.44616;114.43520;Obstacle;0;-1
-4568;-48.25684;-2.17655;81.78934;Obstacle;0;-1
-4582;-37.90475;-8.46948;213.62460;Obstacle;0;-1
-4596;-72.57017;17.91238;119.94240;Obstacle;0;-1
-4610;-65.12957;-14.11108;334.68720;Obstacle;0;-1
-4624;-30.30834;-21.68668;197.79770;Obstacle;0;-1
-4638;-58.10892;8.56308;60.63470;Obstacle;0;-1
-4652;-27.05764;-22.96008;195.28110;Obstacle;0;-1
-4666;-30.25688;0.61466;56.24575;Obstacle;0;-1
-4680;-27.63855;12.82778;201.20580;Obstacle;0;-1
-4694;-39.37139;-8.82970;135.21760;Obstacle;0;-1
-4708;-61.15602;3.02322;339.32680;Obstacle;0;-1
-4722;-31.78445;17.62857;54.14088;Obstacle;0;-1
-4736;-44.26371;-5.44935;142.66890;Obstacle;0;-1
-4750;-35.92645;17.63096;173.76900;Obstacle;0;-1
-4764;-53.08606;19.78469;112.79580;Obstacle;0;-1
-4778;-31.11181;18.20156;192.11110;Obstacle;0;-1
-4792;-60.28405;24.27770;334.77490;Obstacle;0;-1
-4806;-38.41339;-16.74041;138.65880;Obstacle;0;-1
-4820;-26.43729;-9.42821;269.52090;Obstacle;0;-1
-4834;-68.84506;-22.22983;350.34260;Obstacle;0;-1
-4848;-56.12383;-20.42583;304.16300;Obstacle;0;-1
-4862;-60.28021;14.14732;2.52722;Obstacle;0;-1
-4876;-35.39869;17.61906;197.66680;Obstacle;0;-1
-4890;-37.08947;-17.78437;313.10010;Obstacle;0;-1
-4904;-72.52264;5.12152;85.95204;Obstacle;0;-1
-4918;-49.24881;20.32941;38.51808;Obstacle;0;-1
-4932;-61.20871;-12.73026;215.04480;Obstacle;0;-1
-4946;-54.46941;-1.93823;34.85423;Obstacle;0;-1
-4960;-33.83176;31.00296;173.60040;Obstacle;0;-1
-4974;-71.40072;69.92719;303.71000;Obstacle;0;-1
-4988;-58.36008;35.20048;268.96730;Obstacle;0;-1
-5002;-39.08746;28.72974;39.48746;Obstacle;0;-1
-5016;-51.68504;53.44493;58.21805;Obstacle;0;-1
-5030;-52.23726;60.42685;157.37610;Obstacle;0;-1
-5044;-47.60913;40.64405;280.64770;Obstacle;0;-1
-5058;-59.10520;45.13472;67.73981;Obstacle;0;-1
-5072;-65.91296;36.84704;276.61780;Obstacle;0;-1
-5086;-26.49105;27.60363;271.10450;Obstacle;0;-1
-5100;-26.27982;25.42656;185.51170;Obstacle;0;-1
-5114;-25.32398;72.36003;132.01890;Obstacle;0;-1
-5128;-51.89862;67.33351;219.62690;Obstacle;0;-1
-5142;-73.16826;33.17399;172.50070;Obstacle;0;-1
-5156;-39.44855;71.71387;256.81270;Obstacle;0;-1
-5170;-34.42101;42.50479;272.08620;Obstacle;0;-1
-5184;-28.18967;62.88297;234.73860;Obstacle;0;-1
-5198;-41.01550;30.45040;169.92900;Obstacle;0;-1
-5212;-60.05764;38.92484;329.11440;Obstacle;0;-1
-5226;-38.41273;35.20831;223.14840;Obstacle;0;-1
-5240;-53.89821;27.74196;154.28150;Obstacle;0;-1
-5254;-70.86056;49.07378;261.04580;Obstacle;0;-1
-5268;-47.28791;57.88446;277.96240;Obstacle;0;-1
-5282;-25.07327;56.75558;66.41703;Obstacle;0;-1
-5296;-73.68704;74.14645;269.00000;Obstacle;0;-1
-5310;-40.63025;46.06840;11.79852;Obstacle;0;-1
-5324;-69.35536;72.39410;94.10086;Obstacle;0;-1
-5338;-26.95649;36.99177;32.96125;Obstacle;0;-1
-5352;-64.56035;34.40553;61.44803;Obstacle;0;-1
-5366;-50.44315;35.52547;52.92256;Obstacle;0;-1
-5380;-67.14159;39.46575;184.85000;Obstacle;0;-1
-5394;-39.78233;57.19169;322.47130;Obstacle;0;-1
-5408;-33.03564;48.76919;18.34981;Obstacle;0;-1
-5422;-41.89773;67.49318;57.61608;Obstacle;0;-1
-5436;-37.51472;66.32832;326.33480;Obstacle;0;-1
-5450;-26.57741;56.14236;281.55940;Obstacle;0;-1
-5464;-41.65970;63.16121;90.69608;Obstacle;0;-1
-5478;-65.54262;55.39864;315.50360;Obstacle;0;-1
-5492;-53.96855;62.78331;358.14220;Obstacle;0;-1
-5506;-64.62852;61.56224;141.36740;Obstacle;0;-1
-5520;-72.79666;61.38471;232.80940;Obstacle;0;-1
-5534;-40.08035;39.89065;68.83273;Obstacle;0;-1
-5548;-43.28937;72.93144;97.03142;Obstacle;0;-1
-5562;-48.61575;41.25822;305.75270;Obstacle;0;-1
-5576;-65.09407;68.43250;70.39124;Obstacle;0;-1
-5590;-39.30228;72.45049;50.94304;Obstacle;0;-1
-5604;-43.45901;68.86086;72.12533;Obstacle;0;-1
-5618;-66.77931;49.23226;132.93520;Obstacle;0;-1
-5632;42.20769;4.42577;33.60054;Obstacle;0;-1
-5646;32.06841;16.02088;303.52610;Obstacle;0;-1
-5660;39.20967;22.81992;91.41452;Obstacle;0;-1
-5674;50.95710;-14.19462;347.25890;Obstacle;0;-1
-5688;63.28750;1.85739;72.88939;Obstacle;0;-1
-5702;67.12708;-16.32639;304.17480;Obstacle;0;-1
-5716;69.38834;7.57313;353.97150;Obstacle;0;-1
-5730;60.22870;23.36748;133.49630;Obstacle;0;-1
-5744;72.45507;15.91059;176.54690;Obstacle;0;-1
-5758;43.14698;19.39745;342.88910;Obstacle;0;-1
-5772;61.67495;13.05894;88.88600;Obstacle;0;-1
-5786;26.81150;13.40327;180.86410;Obstacle;0;-1
-5800;25.02038;22.52216;244.22430;Obstacle;0;-1
-5814;68.87143;-24.83528;208.41120;Obstacle;0;-1
-5828;28.22485;-15.03352;1.73282;Obstacle;0;-1
-5842;73.52171;-5.70721;115.08630;Obstacle;0;-1
-5856;58.80098;-23.65195;258.40120;Obstacle;0;-1
-5870;30.25245;-12.34879;6.13129;Obstacle;0;-1
-5884;56.77230;8.89947;68.20578;Obstacle;0;-1
-5898;45.48589;-15.41415;101.52810;Obstacle;0;-1
-5912;34.33074;-1.87182;42.39922;Obstacle;0;-1
-5926;56.51695;7.86183;321.59950;Obstacle;0;-1
-5940;29.76825;-20.23550;82.52087;Obstacle;0;-1
-5954;66.20334;-15.19848;163.32440;Obstacle;0;-1
-5968;68.16145;5.09920;275.85500;Obstacle;0;-1
-5982;65.37967;-22.49398;49.79304;Obstacle;0;-1
-5996;32.28014;5.76817;304.41420;Obstacle;0;-1
-6010;38.97065;-20.67040;112.47670;Obstacle;0;-1
-6024;29.19585;-16.33892;143.63950;Obstacle;0;-1
-6038;60.32171;9.34209;214.40280;Obstacle;0;-1
-6052;42.29514;-0.20073;238.80280;Obstacle;0;-1
-6066;36.89469;-15.47657;116.08730;Obstacle;0;-1
-6080;62.91835;-5.46219;72.55972;Obstacle;0;-1
-6094;59.92983;15.96471;152.29160;Obstacle;0;-1
-6108;63.29697;-16.37001;332.58990;Obstacle;0;-1
-6122;42.15019;9.08085;97.16183;Obstacle;0;-1
-6136;74.40878;13.45278;127.04750;Obstacle;0;-1
-6150;50.59189;-19.04469;50.52170;Obstacle;0;-1
-6164;47.44914;21.50785;359.20900;Obstacle;0;-1
-6178;38.63220;-24.30468;332.82610;Obstacle;0;-1
-6192;27.54527;8.59397;153.15690;Obstacle;0;-1
-6206;68.60977;-14.42633;22.36128;Obstacle;0;-1
-6220;25.26909;-19.31609;314.80090;Obstacle;0;-1
-6234;40.70344;12.04052;169.41230;Obstacle;0;-1
-6248;51.99716;17.08685;173.91250;Obstacle;0;-1
-6262;68.28230;18.81272;356.57460;Obstacle;0;-1
-6276;57.97327;23.76767;279.99000;Obstacle;0;-1
-6290;34.97646;-6.63225;46.22322;Obstacle;0;-1
Seed;1.00000;1.00000;1.00000;Seed;0;-1
Fruit_left_close;-2.00000;9.00000;160.00000;Position;0;-1
Fruit_center_close;0.00000;9.50000;0.00000;Position;0;-1
Fruit_right_close;2.00000;9.00000;-160.00000;Position;0;-1
Fruit_left_middle;-4.00000;12.00000;0.00000;Position;0;-1
Fruit_center_middle;0.00000;13.00000;0.00000;Position;0;-1
Fruit_right_middle;4.00000;12.00000;0.00000;Position;0;-1
Fruit_left_far;-6.00000;15.00000;0.00000;Position;0;-1
Fruit_center_far;0.00000;16.50000;0.00000;Position;0;-1
Fruit_right_far;6.00000;15.00000;0.00000;Position;0;-1
GivenTarget;0.00000;0.00000;0.00000;StartSetting;0;-1
RandomThree;0.00000;0.00000;0.00000;StartSetting;0;-1
-6304;1.97719;-54.72137;257.47580;Obstacle;0;-1
-6318;-20.71919;-31.86771;87.51897;Obstacle;0;-1
-6332;-2.80567;-64.11398;61.62750;Obstacle;0;-1
-6346;1.99771;-33.09717;194.00300;Obstacle;0;-1
-6360;-16.86192;-68.87521;242.48830;Obstacle;0;-1
-6374;14.34590;-28.80265;66.39522;Obstacle;0;-1
-6388;-8.20092;-37.19749;50.00414;Obstacle;0;-1
-6402;4.20033;-44.75844;192.40580;Obstacle;0;-1
-6416;-10.49552;-31.68534;105.29420;Obstacle;0;-1
-6430;14.83628;-49.55354;125.53650;Obstacle;0;-1
-6444;-13.53449;-25.84877;134.37360;Obstacle;0;-1
-6458;10.31332;-49.36140;312.01970;Obstacle;0;-1
-6472;-12.99124;-26.64693;309.76820;Obstacle;0;-1
-6486;18.84166;-74.39241;190.38230;Obstacle;0;-1
-6500;-12.34720;-60.03958;51.02540;Obstacle;0;-1
-6514;18.99468;-41.68911;234.58090;Obstacle;0;-1
-6528;2.43327;-57.13583;86.97424;Obstacle;0;-1
-6542;-7.31520;-68.46513;217.49160;Obstacle;0;-1
-6556;8.06350;-71.79906;53.08366;Obstacle;0;-1
-6570;12.75775;-62.47139;301.14510;Obstacle;0;-1
-6584;0.86652;-59.21928;93.75237;Obstacle;0;-1
-6598;21.80779;-57.57320;216.86990;Obstacle;0;-1
-6612;6.05061;-53.80694;229.68210;Obstacle;0;-1
-6626;-14.42367;-27.03764;69.04396;Obstacle;0;-1
-6640;8.60292;-66.80058;281.01870;Obstacle;0;-1
-6654;-15.60924;-48.47066;53.35051;Obstacle;0;-1
-6668;24.59121;-54.65480;22.14232;Obstacle;0;-1
-6682;8.63182;-54.68843;1.57832;Obstacle;0;-1
-6696;17.36422;-37.13388;274.99400;Obstacle;0;-1
-6710;13.56680;-65.15793;154.28800;Obstacle;0;-1
-6724;-17.39544;-50.78427;147.99120;Obstacle;0;-1
-6738;-18.37536;-57.61877;231.82270;Obstacle;0;-1
-6752;17.81365;-47.86031;170.11990;Obstacle;0;-1
-6766;15.57073;-50.50847;259.63530;Obstacle;0;-1
-6780;-14.53107;-50.99165;258.24540;Obstacle;0;-1
-6794;-6.54610;-41.66479;5.18424;Obstacle;0;-1
-6808;15.67296;-74.42668;263.41630;Obstacle;0;-1
-6822;-11.31816;-63.69998;132.14450;Obstacle;0;-1
-6836;14.03753;-67.07773;67.49819;Obstacle;0;-1
-6850;-4.61716;-27.01203;80.78705;Obstacle;0;-1
-6864;8.70727;-48.87482;191.80060;Obstacle;0;-1
-6878;10.28076;-36.45833;98.80657;Obstacle;0;-1
-6892;24.39859;-64.20686;105.22700;Obstacle;0;-1
-6906;-22.02895;-52.58306;75.43629;Obstacle;0;-1
-6920;-1.37942;-53.94781;74.20699;Obstacle;0;-1
-6934;-5.09411;-33.68892;338.18070;Obstacle;0;-1
-6948;-24.69938;-71.08873;167.88950;Obstacle;0;-1
-6962;20.46951;-55.38761;220.75780;Obstacle;0;-1
-6976;-45.17094;-63.55966;23.96425;Obstacle;0;-1
-6990;-58.99142;-59.70663;27.97023;Obstacle;0;-1
-7004;-29.60473;-39.37154;41.50624;Obstacle;0;-1
-7018;-47.37843;-26.49441;65.65314;Obstacle;0;-1
-7032;-35.26183;-32.23660;271.94980;Obstacle;0;-1
-7046;-63.42758;-62.78485;315.70790;Obstacle;0;-1
-7060;-58.94591;-51.58493;291.23870;Obstacle;0;-1
-7074;-45.10542;-70.19501;195.23790;Obstacle;0;-1
-7088;-52.47794;-52.00031;195.90410;Obstacle;0;-1
-7102;-30.29075;-52.04691;49.74738;Obstacle;0;-1
-7116;-62.57915;-60.61430;231.74930;Obstacle;0;-1
-7130;-40.05504;-52.41905;296.25470;Obstacle;0;-1
-7144;-69.46411;-50.58076;304.16940;Obstacle;0;-1
-7158;-39.07399;-27.45280;47.07774;Obstacle;0;-1
-7172;-70.91579;-64.34513;139.40220;Obstacle;0;-1
-7186;-39.45918;-28.44810;68.86479;Obstacle;0;-1
-7200;-56.41618;-38.23499;124.16340;Obstacle;0;-1
-7214;-70.82774;-38.01281;62.10399;Obstacle;0;-1
-7228;-72.66060;-73.22334;269.93880;Obstacle;0;-1
-7242;-54.60003;-69.31672;34.28162;Obstacle;0;-1
-7256;-47.86852;-26.90158;50.95231;Obstacle;0;-1
-7270;-31.48157;-31.07566;29.77151;Obstacle;0;-1
-7284;-54.68908;-49.27624;163.87140;Obstacle;0;-1
-7298;-37.59624;-41.88107;14.26732;Obstacle;0;-1
-7312;-59.42479;-66.71638;164.45180;Obstacle;0;-1
-7326;-39.24039;-34.79291;25.25625;Obstacle;0;-1
-7340;-31.78899;-70.96162;144.33760;Obstacle;0;-1
-7354;-31.74073;-38.39886;208.27160;Obstacle;0;-1
-7368;-52.98757;-72.51791;81.53628;Obstacle;0;-1
-7382;-28.00724;-71.70049;225.41030;Obstacle;0;-1
-7396;-56.78856;-43.69335;349.34530;Obstacle;0;-1
-7410;-27.54409;-57.86204;37.61824;Obstacle;0;-1
-7424;-46.60197;-71.18813;230.72480;Obstacle;0;-1
-7438;-52.95708;-59.78170;295.42000;Obstacle;0;-1
-7452;-28.55384;-69.10867;199.32270;Obstacle;0;-1
-7466;-69.74667;-39.49818;255.36480;Obstacle;0;-1
-7480;-46.85453;-49.65697;317.60500;Obstacle;0;-1
-7494;-60.71290;-36.14674;239.58830;Obstacle;0;-1
-7508;-48.26117;-73.48970;154.97000;Obstacle;0;-1
-7522;-50.18539;-47.13981;36.92833;Obstacle;0;-1
-7536;-65.73826;-64.19179;309.71250;Obstacle;0;-1
-7550;-51.55043;-35.86676;279.55010;Obstacle;0;-1
-7564;-55.27150;-50.65044;200.26600;Obstacle;0;-1
-7578;-63.28600;-29.70713;88.35158;Obstacle;0;-1
-7592;-60.03979;-49.09330;225.79480;Obstacle;0;-1
-7606;-36.12393;-41.38557;28.68245;Obstacle;0;-1
-7620;-25.22052;-59.08757;61.73307;Obstacle;0;-1
-7634;-36.15990;-48.70529;207.50340;Obstacle;0;-1
-7648;66.12671;-70.60524;251.16600;Obstacle;0;-1
-7662;41.70012;-57.09276;134.03550;Obstacle;0;-1
-7676;33.63888;-59.23147;337.57230;Obstacle;0;-1
-7690;55.34645;-57.51218;218.73150;Obstacle;0;-1
-7704;73.02104;-48.34505;56.21176;Obstacle;0;-1
-7718;34.91579;-54.08991;1.83307;Obstacle;0;-1
-7732;25.72373;-47.87134;30.72740;Obstacle;0;-1
-7746;53.10732;-67.76913;278.12360;Obstacle;0;-1
-7760;35.01015;-27.96564;59.05052;Obstacle;0;-1
-7774;41.89649;-51.95444;181.93820;Obstacle;0;-1
-7788;68.04482;-52.70266;212.82220;Obstacle;0;-1
-7802;41.70795;-43.25351;254.75550;Obstacle;0;-1
-7816;74.03595;-36.10139;20.19911;Obstacle;0;-1
-7830;41.74468;-45.92661;339.01430;Obstacle;0;-1
-7844;51.97392;-29.55875;175.36300;Obstacle;0;-1
-7858;27.37680;-74.15393;197.56410;Obstacle;0;-1
-7872;34.63741;-43.42426;134.94390;Obstacle;0;-1
-7886;25.76657;-74.88921;262.22510;Obstacle;0;-1
-7900;57.91019;-27.32425;116.40270;Obstacle;0;-1
-7914;54.81116;-27.73584;120.33890;Obstacle;0;-1
-7928;59.61567;-57.27644;72.87454;Obstacle;0;-1
-7942;33.02185;-64.47151;115.56350;Obstacle;0;-1
-7956;30.06334;-60.69768;259.56710;Obstacle;0;-1
-7970;52.08305;-59.52799;180.33440;Obstacle;0;-1
-7984;62.28473;-32.66306;191.17870;Obstacle;0;-1
-7998;44.95756;-42.78753;87.30260;Obstacle;0;-1
-8012;34.04483;-38.78842;70.68771;Obstacle;0;-1
-8026;44.51247;-53.08174;14.33117;Obstacle;0;-1
-8040;73.95334;-73.61510;107.06210;Obstacle;0;-1
-8054;28.99809;-50.23544;261.00140;Obstacle;0;-1
-8068;36.55085;-67.64880;242.28850;Obstacle;0;-1
-8082;35.33244;-64.69754;206.50930;Obstacle;0;-1
-8096;31.16297;-59.99883;161.12780;Obstacle;0;-1
-8110;47.57281;-59.74821;166.32310;Obstacle;0;-1
-8124;57.21713;-70.75822;219.30470;Obstacle;0;-1
-8138;46.68457;-52.35737;225.99170;Obstacle;0;-1
-8152;68.62513;-29.08928;273.99800;Obstacle;0;-1
-8166;28.07156;-51.50221;26.07372;Obstacle;0;-1
-8180;27.11174;-72.62830;268.95360;Obstacle;0;-1
-8194;30.77478;-66.56822;69.25231;Obstacle;0;-1
-8208;54.93357;-30.21628;19.19876;Obstacle;0;-1
-8222;60.76358;-68.97029;0.61371;Obstacle;0;-1
-8236;37.75689;-35.29594;35.83623;Obstacle;0;-1
-8250;27.19088;-31.81125;112.26390;Obstacle;0;-1
-8264;34.50615;-37.09771;171.72370;Obstacle;0;-1
-8278;47.60657;-40.53489;345.36720;Obstacle;0;-1
-8292;37.13630;-61.89805;193.62610;Obstacle;0;-1
-8306;57.25639;-43.88994;343.67360;Obstacle;0;-1
Trigger;5.00000;5.00000;3862.00000;Trigger;3857;-1
Trigger;6.00000;6.00000;5332.00000;Trigger;5328;-1
Trigger;4.00000;4.00000;7283.00000;Trigger;7277;-1
Trigger;2.00000;2.00000;7863.00000;Trigger;7858;-1
Fruit_left_close;-2.00000;9.00000;160.00000;FruitTrigger;7858;-1
Trigger;5.00000;5.00000;9381.00000;Trigger;9376;-1
Trigger;6.00000;6.00000;11660.00000;Trigger;11656;-1
Trigger;4.00000;4.00000;17463.00000;Trigger;17456;-1
Trigger;2.00000;2.00000;17984.00000;Trigger;17979;-1
Fruit_left_middle;-4.00000;12.00000;0.00000;FruitTrigger;17979;-1
Trigger;5.00000;5.00000;19494.00000;Trigger;19488;-1
Trigger;6.00000;6.00000;20305.00000;Trigger;20299;-1
Trigger;4.00000;4.00000;23457.00000;Trigger;23449;-1
Trigger;2.00000;2.00000;24015.00000;Trigger;24010;-1
Fruit_left_close;-2.00000;9.00000;160.00000;FruitTrigger;24010;-1
Trigger;5.00000;5.00000;25527.00000;Trigger;25519;-1
Trigger;6.00000;6.00000;28027.00000;Trigger;28023;-1
Trigger;4.00000;4.00000;31474.00000;Trigger;31469;-1
Trigger;2.00000;2.00000;31995.00000;Trigger;31990;-1
Fruit_right_close;2.00000;9.00000;200.00000;FruitTrigger;31990;-1
Trigger;5.00000;5.00000;33500.00000;Trigger;33496;-1
Trigger;6.00000;6.00000;35395.00000;Trigger;35391;-1
Trigger;4.00000;4.00000;41932.00000;Trigger;41927;-1
Trigger;2.00000;2.00000;42550.00000;Trigger;42545;-1
Fruit_center_far;0.00000;16.50000;0.00000;FruitTrigger;42545;-1
Trigger;5.00000;5.00000;44055.00000;Trigger;44051;-1
Trigger;6.00000;6.00000;44578.00000;Trigger;44573;-1
Trigger;4.00000;4.00000;50970.00000;Trigger;50965;-1
Trigger;2.00000;2.00000;51733.00000;Trigger;51728;-1
Fruit_left_far;-6.00000;15.00000;0.00000;FruitTrigger;51728;-1
Trigger;5.00000;5.00000;53245.00000;Trigger;53241;-1
Trigger;6.00000;6.00000;53815.00000;Trigger;53811;-1
Trigger;4.00000;4.00000;59870.00000;Trigger;59865;-1
Trigger;2.00000;2.00000;60436.00000;Trigger;60431;-1
Fruit_center_far;0.00000;16.50000;0.00000;FruitTrigger;60431;-1
Trigger;5.00000;5.00000;61944.00000;Trigger;61939;-1
Trigger;6.00000;6.00000;64255.00000;Trigger;64250;-1
Trigger;4.00000;4.00000;70829.00000;Trigger;70824;-1
Trigger;2.00000;2.00000;71591.00000;Trigger;71586;-1
Fruit_left_far;-6.00000;15.00000;0.00000;FruitTrigger;71586;-1
Trigger;5.00000;5.00000;73101.00000;Trigger;73096;-1
Trigger;6.00000;6.00000;74106.00000;Trigger;74101;-1
Trigger;4.00000;4.00000;80513.00000;Trigger;80508;-1
Trigger;2.00000;2.00000;81294.00000;Trigger;81288;-1
Fruit_center_far;0.00000;16.50000;0.00000;FruitTrigger;81288;-1
Trigger;5.00000;5.00000;82805.00000;Trigger;82800;-1
Trigger;5.00000;5.00000;86542.00000;Trigger;86537;-1
Trigger;6.00000;6.00000;87909.00000;Trigger;87904;-1
Trigger;4.00000;4.00000;91331.00000;Trigger;91323;-1
Trigger;2.00000;2.00000;91959.00000;Trigger;91950;-1
Fruit_right_close;2.00000;9.00000;199.99990;FruitTrigger;91950;-1
Trigger;5.00000;5.00000;93473.00000;Trigger;93467;-1
Trigger;6.00000;6.00000;94041.00000;Trigger;94035;-1
Trigger;4.00000;4.00000;97293.00000;Trigger;97287;-1
Trigger;2.00000;2.00000;98017.00000;Trigger;98010;-1
Fruit_left_close;-2.00000;9.00000;160.00000;FruitTrigger;98010;-1
Trigger;5.00000;5.00000;99532.00000;Trigger;99523;-1
Trigger;6.00000;6.00000;100516.00000;Trigger;100510;-1
Trigger;4.00000;4.00000;105690.00000;Trigger;105685;-1
Trigger;2.00000;2.00000;106313.00000;Trigger;106308;-1
Fruit_right_middle;4.00000;12.00000;0.00000;FruitTrigger;106308;-1
Trigger;5.00000;5.00000;107822.00000;Trigger;107817;-1
Trigger;6.00000;6.00000;110133.00000;Trigger;110128;-1
Trigger;4.00000;4.00000;116709.00000;Trigger;116704;-1
Trigger;2.00000;2.00000;117392.00000;Trigger;117387;-1
Fruit_left_far;-6.00000;15.00000;0.00000;FruitTrigger;117387;-1
Trigger;5.00000;5.00000;118900.00000;Trigger;118896;-1
Trigger;6.00000;6.00000;120873.00000;Trigger;120868;-1
Trigger;4.00000;4.00000;126330.00000;Trigger;126324;-1
Trigger;2.00000;2.00000;126852.00000;Trigger;126847;-1
Fruit_right_middle;4.00000;12.00000;0.00000;FruitTrigger;126847;-1
Trigger;5.00000;5.00000;128365.00000;Trigger;128361;-1
Trigger;6.00000;6.00000;129761.00000;Trigger;129756;-1
Trigger;4.00000;4.00000;136091.00000;Trigger;136085;-1
Trigger;2.00000;2.00000;136991.00000;Trigger;136985;-1
Fruit_center_far;0.00000;16.50000;0.00000;FruitTrigger;136985;-1
Trigger;5.00000;5.00000;138501.00000;Trigger;138496;-1
Trigger;6.00000;6.00000;139479.00000;Trigger;139475;-1
Trigger;4.00000;4.00000;143291.00000;Trigger;143285;-1
Trigger;2.00000;2.00000;144050.00000;Trigger;144046;-1
Fruit_left_close;-2.00000;9.00000;160.00000;FruitTrigger;144046;-1
Trigger;5.00000;5.00000;145561.00000;Trigger;145556;-1
Trigger;5.00000;5.00000;149891.00000;Trigger;149886;-1
Trigger;5.00000;5.00000;152327.00000;Trigger;152322;-1
Trigger;6.00000;6.00000;153956.00000;Trigger;153951;-1
Trigger;5.00000;5.00000;157909.00000;Trigger;157904;-1
Trigger;6.00000;6.00000;159934.00000;Trigger;159929;-1
Trigger;4.00000;4.00000;166353.00000;Trigger;166348;-1
Trigger;2.00000;2.00000;166936.00000;Trigger;166931;-1
Fruit_right_far;6.00000;15.00000;0.00000;FruitTrigger;166931;-1
Trigger;5.00000;5.00000;168447.00000;Trigger;168442;-1
Trigger;6.00000;6.00000;170368.00000;Trigger;170363;-1
Trigger;4.00000;4.00000;176433.00000;Trigger;176428;-1
Trigger;2.00000;2.00000;177034.00000;Trigger;177028;-1
Fruit_center_far;0.00000;16.50000;0.00000;FruitTrigger;177028;-1
Trigger;5.00000;5.00000;178545.00000;Trigger;178539;-1
Trigger;6.00000;6.00000;179922.00000;Trigger;179917;-1
Trigger;4.00000;4.00000;186191.00000;Trigger;186183;-1
Trigger;2.00000;2.00000;187117.00000;Trigger;187112;-1
Fruit_right_far;6.00000;15.00000;0.00000;FruitTrigger;187112;-1
Trigger;5.00000;5.00000;188625.00000;Trigger;188619;-1
Trigger;6.00000;6.00000;190706.00000;Trigger;190701;-1
Trigger;4.00000;4.00000;195651.00000;Trigger;195647;-1
Trigger;2.00000;2.00000;196271.00000;Trigger;196267;-1
Fruit_center_middle;0.00000;13.00000;0.00000;FruitTrigger;196267;-1
Trigger;5.00000;5.00000;197782.00000;Trigger;197777;-1
Trigger;6.00000;6.00000;198590.00000;Trigger;198585;-1
Trigger;4.00000;4.00000;201833.00000;Trigger;201828;-1
Trigger;2.00000;2.00000;202373.00000;Trigger;202368;-1
Fruit_left_close;-2.00000;9.00000;160.00000;FruitTrigger;202368;-1
Trigger;5.00000;5.00000;203886.00000;Trigger;203881;-1
Trigger;6.00000;6.00000;204925.00000;Trigger;204920;-1
Trigger;4.00000;4.00000;211570.00000;Trigger;211565;-1
Trigger;2.00000;2.00000;212335.00000;Trigger;212330;-1
Fruit_center_far;0.00000;16.50000;0.00000;FruitTrigger;212330;-1
Trigger;5.00000;5.00000;213844.00000;Trigger;213839;-1
Trigger;6.00000;6.00000;216132.00000;Trigger;216127;-1
Trigger;4.00000;4.00000;219352.00000;Trigger;219347;-1
Trigger;2.00000;2.00000;219975.00000;Trigger;219971;-1
Fruit_center_close;0.00000;9.50000;0.00000;FruitTrigger;219971;-1
Trigger;5.00000;5.00000;221485.00000;Trigger;221481;-1
Trigger;6.00000;6.00000;222187.00000;Trigger;222183;-1
Trigger;4.00000;4.00000;228573.00000;Trigger;228568;-1
Trigger;2.00000;2.00000;229294.00000;Trigger;229290;-1
Fruit_right_far;6.00000;15.00000;0.00000;FruitTrigger;229290;-1
Trigger;5.00000;5.00000;230804.00000;Trigger;230798;-1
Trigger;6.00000;6.00000;232415.00000;Trigger;232410;-1
Trigger;4.00000;4.00000;238932.00000;Trigger;238927;-1
Trigger;2.00000;2.00000;239712.00000;Trigger;239708;-1
Fruit_left_far;-6.00000;15.00000;0.00000;FruitTrigger;239708;-1
Trigger;5.00000;5.00000;241222.00000;Trigger;241218;-1
Trigger;6.00000;6.00000;243703.00000;Trigger;243698;-1
Trigger;4.00000;4.00000;247355.00000;Trigger;247349;-1
Trigger;2.00000;2.00000;248137.00000;Trigger;248131;-1
Fruit_center_close;0.00000;9.50000;0.00000;FruitTrigger;248131;-1
Trigger;5.00000;5.00000;249646.00000;Trigger;249642;-1
Trigger;6.00000;6.00000;251150.00000;Trigger;251146;-1
Trigger;4.00000;4.00000;257030.00000;Trigger;257024;-1
Trigger;2.00000;2.00000;257731.00000;Trigger;257725;-1
Fruit_left_far;-6.00000;15.00000;0.00000;FruitTrigger;257725;-1
Trigger;5.00000;5.00000;259239.00000;Trigger;259234;-1
Trigger;6.00000;6.00000;259989.00000;Trigger;259984;-1
Trigger;4.00000;4.00000;265131.00000;Trigger;265126;-1
Trigger;2.00000;2.00000;266037.00000;Trigger;266031;-1
Fruit_center_middle;0.00000;13.00000;0.00000;FruitTrigger;266031;-1
Trigger;5.00000;5.00000;267548.00000;Trigger;267543;-1
Trigger;6.00000;6.00000;269802.00000;Trigger;269797;-1
Trigger;4.00000;4.00000;276871.00000;Trigger;276866;-1
Trigger;2.00000;2.00000;277597.00000;Trigger;277593;-1
Fruit_center_far;0.00000;16.50000;0.00000;FruitTrigger;277593;-1
Trigger;5.00000;5.00000;279104.00000;Trigger;279100;-1
Trigger;6.00000;6.00000;281438.00000;Trigger;281434;-1
Trigger;4.00000;4.00000;284909.00000;Trigger;284903;-1
Trigger;2.00000;2.00000;285595.00000;Trigger;285590;-1
Fruit_left_close;-2.00000;9.00000;160.00000;FruitTrigger;285590;-1
Trigger;5.00000;5.00000;287108.00000;Trigger;287097;-1
Trigger;6.00000;6.00000;289181.00000;Trigger;289175;-1
Trigger;4.00000;4.00000;292413.00000;Trigger;292408;-1
Trigger;2.00000;2.00000;293177.00000;Trigger;293172;-1
Fruit_center_close;0.00000;9.50000;0.00000;FruitTrigger;293172;-1
Trigger;5.00000;5.00000;294687.00000;Trigger;294682;-1
Trigger;6.00000;6.00000;295787.00000;Trigger;295783;-1
Trigger;4.00000;4.00000;298993.00000;Trigger;298988;-1
Trigger;2.00000;2.00000;299714.00000;Trigger;299708;-1
Fruit_left_close;-2.00000;9.00000;160.00000;FruitTrigger;299708;-1
Trigger;5.00000;5.00000;301222.00000;Trigger;301217;-1
Trigger;6.00000;6.00000;303518.00000;Trigger;303513;-1
Trigger;4.00000;4.00000;308917.00000;Trigger;308908;-1
Trigger;2.00000;2.00000;310040.00000;Trigger;310034;-1
Fruit_center_middle;0.00000;13.00000;0.00000;FruitTrigger;310034;-1
Trigger;5.00000;5.00000;311548.00000;Trigger;311544;-1
Trigger;6.00000;6.00000;312688.00000;Trigger;312683;-1
Trigger;4.00000;4.00000;316209.00000;Trigger;316204;-1
Trigger;2.00000;2.00000;316896.00000;Trigger;316891;-1
Fruit_left_close;-2.00000;9.00000;160.00000;FruitTrigger;316891;-1
Trigger;5.00000;5.00000;318406.00000;Trigger;318401;-1
Trigger;6.00000;6.00000;318958.00000;Trigger;318953;-1
Trigger;4.00000;4.00000;326433.00000;Trigger;326428;-1
Trigger;2.00000;2.00000;327272.00000;Trigger;327267;-1
Fruit_center_far;0.00000;16.50000;0.00000;FruitTrigger;327267;-1
Trigger;5.00000;5.00000;328781.00000;Trigger;328776;-1
Trigger;6.00000;6.00000;330520.00000;Trigger;330516;-1
Trigger;4.00000;4.00000;334971.00000;Trigger;334965;-1
Trigger;2.00000;2.00000;335753.00000;Trigger;335749;-1
Fruit_left_middle;-4.00000;12.00000;0.00000;FruitTrigger;335749;-1
Trigger;5.00000;5.00000;337265.00000;Trigger;337261;-1
Trigger;6.00000;6.00000;338605.00000;Trigger;338600;-1
Trigger;4.00000;4.00000;345470.00000;Trigger;345465;-1
Trigger;2.00000;2.00000;346273.00000;Trigger;346269;-1
Fruit_right_far;6.00000;15.00000;0.00000;FruitTrigger;346269;-1
Trigger;5.00000;5.00000;347782.00000;Trigger;347778;-1
Trigger;6.00000;6.00000;349781.00000;Trigger;349777;-1
Trigger;4.00000;4.00000;355971.00000;Trigger;355965;-1
Trigger;2.00000;2.00000;356698.00000;Trigger;356693;-1
Fruit_left_far;-6.00000;15.00000;0.00000;FruitTrigger;356693;-1
Trigger;5.00000;5.00000;358208.00000;Trigger;358203;-1
Trigger;5.00000;5.00000;364487.00000;Trigger;364482;-1
Trigger;6.00000;6.00000;365099.00000;Trigger;365095;-1
Trigger;4.00000;4.00000;368449.00000;Trigger;368444;-1
Trigger;2.00000;2.00000;369178.00000;Trigger;369172;-1
Fruit_left_close;-2.00000;9.00000;160.00000;FruitTrigger;369172;-1
Trigger;5.00000;5.00000;370685.00000;Trigger;370680;-1
Trigger;6.00000;6.00000;371860.00000;Trigger;371855;-1
Trigger;4.00000;4.00000;376710.00000;Trigger;376705;-1
Trigger;2.00000;2.00000;377654.00000;Trigger;377649;-1
Fruit_center_middle;0.00000;13.00000;0.00000;FruitTrigger;377649;-1
Trigger;5.00000;5.00000;379160.00000;Trigger;379156;-1
Trigger;6.00000;6.00000;380491.00000;Trigger;380486;-1
Trigger;4.00000;4.00000;383873.00000;Trigger;383868;-1
Trigger;2.00000;2.00000;384636.00000;Trigger;384631;-1
Fruit_center_close;0.00000;9.50000;0.00000;FruitTrigger;384631;-1
Trigger;5.00000;5.00000;386144.00000;Trigger;386139;-1
Trigger;6.00000;6.00000;387653.00000;Trigger;387648;-1
Trigger;4.00000;4.00000;390893.00000;Trigger;390888;-1
Trigger;2.00000;2.00000;391554.00000;Trigger;391548;-1
Fruit_left_close;-2.00000;9.00000;160.00000;FruitTrigger;391548;-1
Trigger;5.00000;5.00000;393063.00000;Trigger;393058;-1
Trigger;6.00000;6.00000;394325.00000;Trigger;394320;-1
Trigger;4.00000;4.00000;397609.00000;Trigger;397604;-1
Trigger;2.00000;2.00000;398450.00000;Trigger;398445;-1
Fruit_right_close;2.00000;9.00000;199.99990;FruitTrigger;398445;-1
Trigger;5.00000;5.00000;399959.00000;Trigger;399955;-1
Trigger;6.00000;6.00000;402270.00000;Trigger;402266;-1
Trigger;4.00000;4.00000;408512.00000;Trigger;408507;-1
Trigger;2.00000;2.00000;409153.00000;Trigger;409147;-1
Fruit_left_far;-6.00000;15.00000;0.00000;FruitTrigger;409147;-1
Trigger;5.00000;5.00000;410662.00000;Trigger;410657;-1
Trigger;6.00000;6.00000;411535.00000;Trigger;411530;-1
Trigger;4.00000;4.00000;416471.00000;Trigger;416463;-1
Trigger;2.00000;2.00000;417153.00000;Trigger;417148;-1
Fruit_right_middle;4.00000;12.00000;0.00000;FruitTrigger;417148;-1
Trigger;5.00000;5.00000;418660.00000;Trigger;418656;-1
Trigger;6.00000;6.00000;420871.00000;Trigger;420865;-1
Trigger;4.00000;4.00000;425090.00000;Trigger;425084;-1
Trigger;2.00000;2.00000;425634.00000;Trigger;425629;-1
Fruit_center_close;0.00000;9.50000;0.00000;FruitTrigger;425629;-1
Trigger;5.00000;5.00000;427144.00000;Trigger;427139;-1
Trigger;6.00000;6.00000;427709.00000;Trigger;427704;-1
Trigger;4.00000;4.00000;432850.00000;Trigger;432845;-1
Trigger;2.00000;2.00000;433556.00000;Trigger;433548;-1
Fruit_left_middle;-4.00000;12.00000;0.00000;FruitTrigger;433548;-1
Trigger;5.00000;5.00000;435066.00000;Trigger;435061;-1
Trigger;6.00000;6.00000;436525.00000;Trigger;436521;-1
Trigger;4.00000;4.00000;439912.00000;Trigger;439907;-1
Trigger;2.00000;2.00000;440553.00000;Trigger;440549;-1
Fruit_center_close;0.00000;9.50000;0.00000;FruitTrigger;440549;-1
Trigger;5.00000;5.00000;442061.00000;Trigger;442057;-1
Trigger;6.00000;6.00000;444553.00000;Trigger;444548;-1
Trigger;4.00000;4.00000;447753.00000;Trigger;447744;-1
Trigger;2.00000;2.00000;448393.00000;Trigger;448387;-1
Fruit_left_close;-2.00000;9.00000;160.00000;FruitTrigger;448387;-1
Trigger;5.00000;5.00000;449903.00000;Trigger;449898;-1
Trigger;6.00000;6.00000;450733.00000;Trigger;450728;-1
Trigger;4.00000;4.00000;454134.00000;Trigger;454128;-1
Trigger;2.00000;2.00000;454695.00000;Trigger;454689;-1
Fruit_right_close;2.00000;9.00000;199.99990;FruitTrigger;454689;-1
Trigger;5.00000;5.00000;456208.00000;Trigger;456202;-1
Trigger;6.00000;6.00000;457065.00000;Trigger;457060;-1
Trigger;4.00000;4.00000;461752.00000;Trigger;461747;-1
Trigger;2.00000;2.00000;462372.00000;Trigger;462367;-1
Fruit_left_middle;-4.00000;12.00000;0.00000;FruitTrigger;462367;-1
Trigger;5.00000;5.00000;463886.00000;Trigger;463881;-1
Trigger;6.00000;6.00000;465699.00000;Trigger;465694;-1
Trigger;4.00000;4.00000;470793.00000;Trigger;470788;-1
Trigger;2.00000;2.00000;471555.00000;Trigger;471550;-1
Fruit_right_middle;4.00000;12.00000;0.00000;FruitTrigger;471550;-1
Trigger;5.00000;5.00000;473062.00000;Trigger;473056;-1
Trigger;6.00000;6.00000;475212.00000;Trigger;475207;-1
Trigger;4.00000;4.00000;480013.00000;Trigger;480008;-1
Trigger;2.00000;2.00000;480975.00000;Trigger;480970;-1
Fruit_left_middle;-4.00000;12.00000;0.00000;FruitTrigger;480970;-1
Trigger;5.00000;5.00000;482487.00000;Trigger;482482;-1
Trigger;6.00000;6.00000;483627.00000;Trigger;483622;-1
Trigger;4.00000;4.00000;489614.00000;Trigger;489609;-1
Trigger;2.00000;2.00000;490376.00000;Trigger;490371;-1
Fruit_center_far;0.00000;16.50000;0.00000;FruitTrigger;490371;-1
Trigger;5.00000;5.00000;491888.00000;Trigger;491883;-1
Trigger;6.00000;6.00000;494230.00000;Trigger;494224;-1
Trigger;4.00000;4.00000;498972.00000;Trigger;498967;-1
Trigger;2.00000;2.00000;499734.00000;Trigger;499729;-1
Fruit_left_middle;-4.00000;12.00000;0.00000;FruitTrigger;499729;-1
Trigger;5.00000;5.00000;501247.00000;Trigger;501242;-1
Trigger;6.00000;6.00000;501977.00000;Trigger;501973;-1
Trigger;4.00000;4.00000;505351.00000;Trigger;505346;-1
Trigger;2.00000;2.00000;505977.00000;Trigger;505971;-1
Fruit_left_close;-2.00000;9.00000;160.00000;FruitTrigger;505971;-1
Trigger;5.00000;5.00000;507485.00000;Trigger;507481;-1
Trigger;6.00000;6.00000;508070.00000;Trigger;508065;-1
Trigger;4.00000;4.00000;514313.00000;Trigger;514308;-1
Trigger;2.00000;2.00000;515055.00000;Trigger;515049;-1
Fruit_center_far;0.00000;16.50000;0.00000;FruitTrigger;515049;-1
Trigger;5.00000;5.00000;516562.00000;Trigger;516558;-1
Trigger;6.00000;6.00000;517872.00000;Trigger;517868;-1
Trigger;4.00000;4.00000;522630.00000;Trigger;522625;-1
Trigger;2.00000;2.00000;523736.00000;Trigger;523732;-1
Fruit_center_middle;0.00000;13.00000;0.00000;FruitTrigger;523732;-1
Trigger;5.00000;5.00000;525247.00000;Trigger;525243;-1
Trigger;6.00000;6.00000;526607.00000;Trigger;526603;-1
Trigger;4.00000;4.00000;533253.00000;Trigger;533247;-1
Trigger;2.00000;2.00000;534136.00000;Trigger;534131;-1
Fruit_center_far;0.00000;16.50000;0.00000;FruitTrigger;534131;-1
Trigger;5.00000;5.00000;535646.00000;Trigger;535641;-1
Trigger;6.00000;6.00000;536417.00000;Trigger;536412;-1
Trigger;4.00000;4.00000;541073.00000;Trigger;541068;-1
Trigger;2.00000;2.00000;541674.00000;Trigger;541662;-1
Fruit_right_middle;4.00000;12.00000;0.00000;FruitTrigger;541662;-1
Trigger;5.00000;5.00000;543186.00000;Trigger;543181;-1
Trigger;6.00000;6.00000;545273.00000;Trigger;545268;-1
Trigger;4.00000;4.00000;548712.00000;Trigger;548707;-1
Trigger;2.00000;2.00000;549493.00000;Trigger;549488;-1
Fruit_left_close;-2.00000;9.00000;160.00000;FruitTrigger;549488;-1
Trigger;5.00000;5.00000;551005.00000;Trigger;551000;-1
Trigger;6.00000;6.00000;551749.00000;Trigger;551744;-1
Trigger;4.00000;4.00000;558129.00000;Trigger;558125;-1
Trigger;2.00000;2.00000;558873.00000;Trigger;558868;-1
Fruit_right_far;6.00000;15.00000;0.00000;FruitTrigger;558868;-1
Trigger;5.00000;5.00000;560382.00000;Trigger;560377;-1
Trigger;6.00000;6.00000;562249.00000;Trigger;562244;-1
Trigger;4.00000;4.00000;568472.00000;Trigger;568467;-1
Trigger;2.00000;2.00000;569411.00000;Trigger;569406;-1
Fruit_left_far;-6.00000;15.00000;0.00000;FruitTrigger;569406;-1
Trigger;5.00000;5.00000;570919.00000;Trigger;570915;-1
Trigger;6.00000;6.00000;571676.00000;Trigger;571671;-1
Trigger;4.00000;4.00000;576212.00000;Trigger;576207;-1
Trigger;2.00000;2.00000;576854.00000;Trigger;576849;-1
Fruit_right_middle;4.00000;12.00000;0.00000;FruitTrigger;576849;-1
Trigger;5.00000;5.00000;578363.00000;Trigger;578359;-1
Trigger;6.00000;6.00000;580312.00000;Trigger;580307;-1
Trigger;5.00000;5.00000;582816.00000;Trigger;582811;-1
Trigger;6.00000;6.00000;584237.00000;Trigger;584233;-1
Trigger;4.00000;4.00000;589134.00000;Trigger;589129;-1
Trigger;2.00000;2.00000;589914.00000;Trigger;589909;-1
Fruit_right_middle;4.00000;12.00000;0.00000;FruitTrigger;589909;-1
Trigger;5.00000;5.00000;591427.00000;Trigger;591422;-1
Trigger;6.00000;6.00000;592704.00000;Trigger;592699;-1
Trigger;4.00000;4.00000;597449.00000;Trigger;597445;-1
Trigger;2.00000;2.00000;598174.00000;Trigger;598170;-1
Fruit_center_middle;0.00000;13.00000;0.00000;FruitTrigger;598170;-1
Trigger;5.00000;5.00000;599688.00000;Trigger;599684;-1
Trigger;6.00000;6.00000;600984.00000;Trigger;600979;-1
Trigger;4.00000;4.00000;605732.00000;Trigger;605727;-1
Trigger;2.00000;2.00000;606531.00000;Trigger;606525;-1
Fruit_left_middle;-4.00000;12.00000;0.00000;FruitTrigger;606525;-1
Trigger;5.00000;5.00000;608041.00000;Trigger;608035;-1
Trigger;6.00000;6.00000;608829.00000;Trigger;608824;-1
Trigger;4.00000;4.00000;612352.00000;Trigger;612347;-1
Trigger;2.00000;2.00000;613195.00000;Trigger;613189;-1
Fruit_right_close;2.00000;9.00000;199.99990;FruitTrigger;613189;-1
Trigger;5.00000;5.00000;614711.00000;Trigger;614705;-1
Trigger;6.00000;6.00000;616525.00000;Trigger;616520;-1
Trigger;4.00000;4.00000;622272.00000;Trigger;622267;-1
Trigger;2.00000;2.00000;622894.00000;Trigger;622882;-1
Fruit_left_middle;-4.00000;12.00000;0.00000;FruitTrigger;622882;-1
Trigger;5.00000;5.00000;624407.00000;Trigger;624403;-1
Trigger;6.00000;6.00000;624977.00000;Trigger;624971;-1
Trigger;4.00000;4.00000;629709.00000;Trigger;629705;-1
Trigger;2.00000;2.00000;630373.00000;Trigger;630368;-1
Fruit_right_middle;4.00000;12.00000;0.00000;FruitTrigger;630368;-1
Trigger;5.00000;5.00000;631879.00000;Trigger;631874;-1
Trigger;6.00000;6.00000;633202.00000;Trigger;633198;-1
Trigger;4.00000;4.00000;637829.00000;Trigger;637824;-1
Trigger;2.00000;2.00000;638514.00000;Trigger;638509;-1
Fruit_center_middle;0.00000;13.00000;0.00000;FruitTrigger;638509;-1
Trigger;5.00000;5.00000;640025.00000;Trigger;640020;-1
Trigger;6.00000;6.00000;640614.00000;Trigger;640609;-1
Trigger;4.00000;4.00000;645990.00000;Trigger;645985;-1
Trigger;2.00000;2.00000;646698.00000;Trigger;646693;-1
Fruit_right_middle;4.00000;12.00000;0.00000;FruitTrigger;646693;-1
Trigger;5.00000;5.00000;648212.00000;Trigger;648207;-1
Trigger;6.00000;6.00000;650072.00000;Trigger;650066;-1
Trigger;4.00000;4.00000;653349.00000;Trigger;653343;-1
Trigger;2.00000;2.00000;654037.00000;Trigger;654031;-1
Fruit_center_close;0.00000;9.50000;0.00000;FruitTrigger;654031;-1
Trigger;5.00000;5.00000;655546.00000;Trigger;655542;-1
Trigger;6.00000;6.00000;657716.00000;Trigger;657711;-1
Trigger;4.00000;4.00000;662712.00000;Trigger;662707;-1
Trigger;2.00000;2.00000;663372.00000;Trigger;663366;-1
Fruit_left_middle;-4.00000;12.00000;0.00000;FruitTrigger;663366;-1
Trigger;5.00000;5.00000;664885.00000;Trigger;664880;-1
Trigger;6.00000;6.00000;665712.00000;Trigger;665707;-1
Trigger;4.00000;4.00000;670433.00000;Trigger;670429;-1
Trigger;2.00000;2.00000;671336.00000;Trigger;671331;-1
Fruit_center_middle;0.00000;13.00000;0.00000;FruitTrigger;671331;-1
Trigger;5.00000;5.00000;672850.00000;Trigger;672845;-1
Trigger;6.00000;6.00000;673430.00000;Trigger;673426;-1
Trigger;4.00000;4.00000;679811.00000;Trigger;679806;-1
Trigger;2.00000;2.00000;680474.00000;Trigger;680469;-1
Fruit_left_far;-6.00000;15.00000;0.00000;FruitTrigger;680469;-1
Trigger;5.00000;5.00000;681984.00000;Trigger;681979;-1
Trigger;6.00000;6.00000;684405.00000;Trigger;684400;-1
Trigger;4.00000;4.00000;687512.00000;Trigger;687506;-1
Trigger;2.00000;2.00000;688171.00000;Trigger;688166;-1
Fruit_left_close;-2.00000;9.00000;160.00000;FruitTrigger;688166;-1
Trigger;5.00000;5.00000;689682.00000;Trigger;689678;-1
Trigger;5.00000;5.00000;692810.00000;Trigger;692804;-1
Trigger;6.00000;6.00000;695075.00000;Trigger;695070;-1
Trigger;4.00000;4.00000;701252.00000;Trigger;701243;-1
Trigger;2.00000;2.00000;701971.00000;Trigger;701966;-1
Fruit_left_far;-6.00000;15.00000;0.00000;FruitTrigger;701966;-1
Trigger;5.00000;5.00000;703481.00000;Trigger;703477;-1
Trigger;6.00000;6.00000;705495.00000;Trigger;705490;-1
Trigger;4.00000;4.00000;716565.00000;Trigger;716560;-1
Trigger;2.00000;2.00000;717265.00000;Trigger;717260;-1
Fruit_right_middle;4.00000;12.00000;0.00000;FruitTrigger;717260;-1
Trigger;5.00000;5.00000;718772.00000;Trigger;718767;-1
Trigger;6.00000;6.00000;719524.00000;Trigger;719519;-1
Trigger;4.00000;4.00000;723121.00000;Trigger;723116;-1
Trigger;2.00000;2.00000;723647.00000;Trigger;723642;-1
Fruit_center_close;0.00000;9.50000;0.00000;FruitTrigger;723642;-1
Trigger;5.00000;5.00000;725153.00000;Trigger;725148;-1
Trigger;6.00000;6.00000;727465.00000;Trigger;727460;-1
Trigger;4.00000;4.00000;730801.00000;Trigger;730796;-1
Trigger;2.00000;2.00000;731526.00000;Trigger;731522;-1
Fruit_right_close;2.00000;9.00000;199.99990;FruitTrigger;731522;-1
Trigger;5.00000;5.00000;733040.00000;Trigger;733035;-1
Trigger;6.00000;6.00000;733736.00000;Trigger;733731;-1
Trigger;4.00000;4.00000;737382.00000;Trigger;737376;-1
Trigger;2.00000;2.00000;738070.00000;Trigger;738064;-1
Fruit_left_far;-6.00000;15.00000;0.00000;FruitTrigger;738064;-1
Trigger;5.00000;5.00000;739577.00000;Trigger;739573;-1
Trigger;6.00000;6.00000;741289.00000;Trigger;741284;-1
Trigger;5.00000;5.00000;743790.00000;Trigger;743786;-1
Trigger;6.00000;6.00000;744752.00000;Trigger;744748;-1
Trigger;4.00000;4.00000;746644.00000;Trigger;746639;-1
Trigger;2.00000;2.00000;747312.00000;Trigger;747307;-1
Fruit_left_close;-2.00000;9.00000;160.00000;FruitTrigger;747307;-1
Trigger;5.00000;5.00000;748823.00000;Trigger;748819;-1
Trigger;6.00000;6.00000;751146.00000;Trigger;751140;-1
Trigger;4.00000;4.00000;754707.00000;Trigger;754701;-1
Trigger;2.00000;2.00000;755429.00000;Trigger;755423;-1
Fruit_right_far;6.00000;15.00000;0.00000;FruitTrigger;755423;-1
Trigger;5.00000;5.00000;756942.00000;Trigger;756937;-1
Trigger;6.00000;6.00000;758455.00000;Trigger;758449;-1
Trigger;4.00000;4.00000;760365.00000;Trigger;760359;-1
Trigger;2.00000;2.00000;760950.00000;Trigger;760945;-1
Fruit_left_close;-2.00000;9.00000;160.00000;FruitTrigger;760945;-1
Trigger;5.00000;5.00000;762457.00000;Trigger;762452;-1
Trigger;6.00000;6.00000;763090.00000;Trigger;763079;-1
Trigger;5.00000;5.00000;765596.00000;Trigger;765591;-1
Trigger;6.00000;6.00000;766716.00000;Trigger;766706;-1
Trigger;4.00000;4.00000;770528.00000;Trigger;770523;-1
Trigger;2.00000;2.00000;771270.00000;Trigger;771266;-1
Fruit_left_far;-6.00000;15.00000;0.00000;FruitTrigger;771266;-1
Trigger;5.00000;5.00000;772784.00000;Trigger;772780;-1
Trigger;6.00000;6.00000;775234.00000;Trigger;775229;-1
Trigger;4.00000;4.00000;778886.00000;Trigger;778881;-1
Trigger;2.00000;2.00000;779485.00000;Trigger;779480;-1
Fruit_right_far;6.00000;15.00000;0.00000;FruitTrigger;779480;-1
Trigger;5.00000;5.00000;780994.00000;Trigger;780989;-1
Trigger;6.00000;6.00000;782875.00000;Trigger;782871;-1
Trigger;5.00000;5.00000;785376.00000;Trigger;785371;-1
Trigger;6.00000;6.00000;786126.00000;Trigger;786120;-1
Trigger;4.00000;4.00000;788149.00000;Trigger;788143;-1
Trigger;2.00000;2.00000;788986.00000;Trigger;788982;-1
Fruit_right_close;2.00000;9.00000;199.99990;FruitTrigger;788982;-1
Trigger;5.00000;5.00000;790502.00000;Trigger;790498;-1
Trigger;6.00000;6.00000;791603.00000;Trigger;791598;-1
Trigger;4.00000;4.00000;795087.00000;Trigger;795082;-1
Trigger;2.00000;2.00000;795712.00000;Trigger;795706;-1
Fruit_left_far;-6.00000;15.00000;0.00000;FruitTrigger;795706;-1
Trigger;5.00000;5.00000;797220.00000;Trigger;797215;-1
Trigger;6.00000;6.00000;798871.00000;Trigger;798867;-1
Trigger;4.00000;4.00000;802308.00000;Trigger;802302;-1
Trigger;2.00000;2.00000;802971.00000;Trigger;802965;-1
Fruit_right_far;6.00000;15.00000;0.00000;FruitTrigger;802965;-1
Trigger;5.00000;5.00000;804479.00000;Trigger;804475;-1
Trigger;6.00000;6.00000;806215.00000;Trigger;806210;-1
Trigger;4.00000;4.00000;809526.00000;Trigger;809521;-1
Trigger;2.00000;2.00000;810207.00000;Trigger;810203;-1
Fruit_center_far;0.00000;16.50000;0.00000;FruitTrigger;810203;-1
Trigger;5.00000;5.00000;811716.00000;Trigger;811711;-1
Trigger;6.00000;6.00000;813853.00000;Trigger;813848;-1
Trigger;4.00000;4.00000;815686.00000;Trigger;815682;-1
Trigger;2.00000;2.00000;816286.00000;Trigger;816282;-1
Fruit_center_close;1.00000;9.50000;0.00000;FruitTrigger;816282;-1
Trigger;5.00000;5.00000;817802.00000;Trigger;817796;-1
Trigger;6.00000;6.00000;819380.00000;Trigger;819376;-1
Trigger;4.00000;4.00000;821204.00000;Trigger;821199;-1
Trigger;2.00000;2.00000;821735.00000;Trigger;821724;-1
Fruit_left_close;-2.00000;9.00000;160.00000;FruitTrigger;821724;-1
Trigger;5.00000;5.00000;823248.00000;Trigger;823239;-1
Trigger;6.00000;6.00000;825297.00000;Trigger;825292;-1
Trigger;4.00000;4.00000;827208.00000;Trigger;827203;-1
Trigger;2.00000;2.00000;827786.00000;Trigger;827781;-1
Fruit_center_close;1.00000;9.50000;0.00000;FruitTrigger;827781;-1
Trigger;5.00000;5.00000;829310.00000;Trigger;829301;-1
Trigger;6.00000;6.00000;831602.00000;Trigger;831598;-1
Trigger;4.00000;4.00000;834925.00000;Trigger;834919;-1
Trigger;2.00000;2.00000;835547.00000;Trigger;835542;-1
Fruit_left_far;-6.00000;15.00000;0.00000;FruitTrigger;835542;-1
Trigger;5.00000;5.00000;837059.00000;Trigger;837055;-1
Trigger;6.00000;6.00000;838540.00000;Trigger;838535;-1
Trigger;4.00000;4.00000;840524.00000;Trigger;840520;-1
Trigger;2.00000;2.00000;841028.00000;Trigger;841023;-1
Fruit_left_close;-2.00000;9.00000;160.00000;FruitTrigger;841023;-1
Trigger;5.00000;5.00000;842538.00000;Trigger;842533;-1
Trigger;6.00000;6.00000;844860.00000;Trigger;844856;-1
Trigger;4.00000;4.00000;848005.00000;Trigger;848000;-1
Trigger;2.00000;2.00000;848629.00000;Trigger;848624;-1
Fruit_left_far;-6.00000;15.00000;0.00000;FruitTrigger;848624;-1
Trigger;5.00000;5.00000;850140.00000;Trigger;850136;-1
Trigger;6.00000;6.00000;851575.00000;Trigger;851569;-1
Trigger;4.00000;4.00000;853605.00000;Trigger;853600;-1
Trigger;2.00000;2.00000;854289.00000;Trigger;854283;-1
Fruit_right_close;2.00000;9.00000;199.99990;FruitTrigger;854283;-1
Trigger;5.00000;5.00000;855800.00000;Trigger;855795;-1
Trigger;6.00000;6.00000;856476.00000;Trigger;856472;-1
Trigger;4.00000;4.00000;859906.00000;Trigger;859901;-1
Trigger;2.00000;2.00000;860511.00000;Trigger;860505;-1
Fruit_right_far;6.00000;15.00000;0.00000;FruitTrigger;860505;-1
Trigger;5.00000;5.00000;862022.00000;Trigger;862016;-1
Trigger;6.00000;6.00000;864330.00000;Trigger;864325;-1
Trigger;4.00000;4.00000;871586.00000;Trigger;871581;-1
Trigger;2.00000;2.00000;872145.00000;Trigger;872140;-1
Fruit_left_far;-6.00000;15.00000;0.00000;FruitTrigger;872140;-1
Trigger;5.00000;5.00000;873654.00000;Trigger;873649;-1
Trigger;6.00000;6.00000;874168.00000;Trigger;874163;-1
Trigger;4.00000;4.00000;876048.00000;Trigger;876043;-1
Trigger;2.00000;2.00000;876608.00000;Trigger;876603;-1
Fruit_right_close;2.00000;9.00000;199.99990;FruitTrigger;876603;-1
Trigger;5.00000;5.00000;878118.00000;Trigger;878113;-1
Trigger;6.00000;6.00000;878664.00000;Trigger;878660;-1
Trigger;4.00000;4.00000;882644.00000;Trigger;882639;-1
Trigger;2.00000;2.00000;883169.00000;Trigger;883163;-1
Fruit_left_far;-6.00000;15.00000;0.00000;FruitTrigger;883163;-1
Trigger;5.00000;5.00000;884676.00000;Trigger;884671;-1
Trigger;6.00000;6.00000;886901.00000;Trigger;886895;-1
Trigger;4.00000;4.00000;888885.00000;Trigger;888880;-1
Trigger;2.00000;2.00000;889493.00000;Trigger;889488;-1
Fruit_right_close;2.00000;9.00000;199.99990;FruitTrigger;889488;-1
Trigger;5.00000;5.00000;891003.00000;Trigger;890991;-1
